company_name,company_sector,peer_rank,peer_name,peer_sector,similarity_score
TCS,Unknown,1,NESTLEIND,Unknown,0.9874
TCS,Unknown,2,BRITANNIA,Unknown,0.9497
TCS,Unknown,3,MARICO,Unknown,0.9299
TCS,Unknown,4,PIDILITIND,Unknown,0.9295
TCS,Unknown,5,INFY,Unknown,0.9132
RELIANCE,Unknown,1,HDFCBANK,Unknown,0.9861
RELIANCE,Unknown,2,FEDERALBNK,Unknown,0.9807
RELIANCE,Unknown,3,JSWSTEEL,Unknown,0.971
RELIANCE,Unknown,4,IDFCFIRSTB,Unknown,0.9646
RELIANCE,Unknown,5,BANKBARODA,Unknown,0.9611
HDFCBANK,Unknown,1,FEDERALBNK,Unknown,0.9985
HDFCBANK,Unknown,2,JSWSTEEL,Unknown,0.9972
HDFCBANK,Unknown,3,IDFCFIRSTB,Unknown,0.9925
HDFCBANK,Unknown,4,RELIANCE,Unknown,0.9861
HDFCBANK,Unknown,5,BANKBARODA,Unknown,0.9728
INFY,Unknown,1,PIDILITIND,Unknown,0.9938
INFY,Unknown,2,HCLTECH,Unknown,0.9526
INFY,Unknown,3,COALINDIA,Unknown,0.9388
INFY,Unknown,4,MARICO,Unknown,0.9369
INFY,Unknown,5,ITC,Unknown,0.9257
ICICIBANK,Unknown,1,AXISBANK,Unknown,0.9983
ICICIBANK,Unknown,2,UNIONBANK,Unknown,0.9983
ICICIBANK,Unknown,3,KOTAKBANK,Unknown,0.9959
ICICIBANK,Unknown,4,PNB,Unknown,0.9952
ICICIBANK,Unknown,5,MRF,Unknown,0.9896
HINDUNILVR,Unknown,1,ASIANPAINT,Unknown,0.995
HINDUNILVR,Unknown,2,SBIN,Unknown,0.9778
HINDUNILVR,Unknown,3,COALINDIA,Unknown,0.9774
HINDUNILVR,Unknown,4,DABUR,Unknown,0.9738
HINDUNILVR,Unknown,5,BATAINDIA,Unknown,0.973
ITC,Unknown,1,HCLTECH,Unknown,0.9448
ITC,Unknown,2,BHARTIARTL,Unknown,0.9437
ITC,Unknown,3,INFY,Unknown,0.9257
ITC,Unknown,4,COALINDIA,Unknown,0.9112
ITC,Unknown,5,PIDILITIND,Unknown,0.8819
SBIN,Unknown,1,BATAINDIA,Unknown,0.9993
SBIN,Unknown,2,DABUR,Unknown,0.9967
SBIN,Unknown,3,TECHM,Unknown,0.9844
SBIN,Unknown,4,ASIANPAINT,Unknown,0.9816
SBIN,Unknown,5,HINDUNILVR,Unknown,0.9778
BHARTIARTL,Unknown,1,ITC,Unknown,0.9437
BHARTIARTL,Unknown,2,NHPC,Unknown,0.9242
BHARTIARTL,Unknown,3,SJVN,Unknown,0.9063
BHARTIARTL,Unknown,4,SUNTV,Unknown,0.8713
BHARTIARTL,Unknown,5,POWERGRID,Unknown,0.8659
KOTAKBANK,Unknown,1,PNB,Unknown,0.9997
KOTAKBANK,Unknown,2,AXISBANK,Unknown,0.9994
KOTAKBANK,Unknown,3,ICICIBANK,Unknown,0.9959
KOTAKBANK,Unknown,4,BANKBARODA,Unknown,0.9959
KOTAKBANK,Unknown,5,UNIONBANK,Unknown,0.9915
LT,Unknown,1,BERGEPAINT,Unknown,0.9517
LT,Unknown,2,VOLTAS,Unknown,0.9452
LT,Unknown,3,BPCL,Unknown,0.9279
LT,Unknown,4,MARUTI,Unknown,0.9162
LT,Unknown,5,HAVELLS,Unknown,0.8787
AXISBANK,Unknown,1,KOTAKBANK,Unknown,0.9994
AXISBANK,Unknown,2,PNB,Unknown,0.9987
AXISBANK,Unknown,3,ICICIBANK,Unknown,0.9983
AXISBANK,Unknown,4,UNIONBANK,Unknown,0.9953
AXISBANK,Unknown,5,BANKBARODA,Unknown,0.9928
ASIANPAINT,Unknown,1,HINDUNILVR,Unknown,0.995
ASIANPAINT,Unknown,2,SBIN,Unknown,0.9816
ASIANPAINT,Unknown,3,BATAINDIA,Unknown,0.9805
ASIANPAINT,Unknown,4,DABUR,Unknown,0.9703
ASIANPAINT,Unknown,5,TECHM,Unknown,0.9698
MARUTI,Unknown,1,MOTHERSON,Unknown,0.9912
MARUTI,Unknown,2,VOLTAS,Unknown,0.973
MARUTI,Unknown,3,APOLLOTYRE,Unknown,0.9357
MARUTI,Unknown,4,HDFCLIFE,Unknown,0.9299
MARUTI,Unknown,5,LT,Unknown,0.9162
SUNPHARMA,Unknown,1,DIVISLAB,Unknown,0.9985
SUNPHARMA,Unknown,2,SUNTV,Unknown,0.9843
SUNPHARMA,Unknown,3,SJVN,Unknown,0.9837
SUNPHARMA,Unknown,4,POWERGRID,Unknown,0.9779
SUNPHARMA,Unknown,5,NHPC,Unknown,0.9662
TITAN,Unknown,1,ASHOKLEY,Unknown,0.9617
TITAN,Unknown,2,INDIGO,Unknown,0.919
TITAN,Unknown,3,MUTHOOTFIN,Unknown,0.8734
TITAN,Unknown,4,COLPAL,Unknown,0.8613
TITAN,Unknown,5,BRITANNIA,Unknown,0.7788
ULTRACEMCO,Unknown,1,CIPLA,Unknown,0.9956
ULTRACEMCO,Unknown,2,GRASIM,Unknown,0.9924
ULTRACEMCO,Unknown,3,IDFCFIRSTB,Unknown,0.9913
ULTRACEMCO,Unknown,4,DRREDDY,Unknown,0.9867
ULTRACEMCO,Unknown,5,JSWSTEEL,Unknown,0.9854
BAJFINANCE,Unknown,1,CANBK,Unknown,0.9997
BAJFINANCE,Unknown,2,TATACONSUM,Unknown,0.9982
BAJFINANCE,Unknown,3,CHOLAFIN,Unknown,0.9919
BAJFINANCE,Unknown,4,CHOLAFIN,Unknown,0.9919
BAJFINANCE,Unknown,5,UNIONBANK,Unknown,0.9765
WIPRO,Unknown,1,KOTAKBANK,Unknown,0.9756
WIPRO,Unknown,2,AXISBANK,Unknown,0.9724
WIPRO,Unknown,3,PNB,Unknown,0.9719
WIPRO,Unknown,4,GODREJCP,Unknown,0.9697
WIPRO,Unknown,5,BANKBARODA,Unknown,0.9672
NESTLEIND,Unknown,1,TCS,Unknown,0.9874
NESTLEIND,Unknown,2,BRITANNIA,Unknown,0.9734
NESTLEIND,Unknown,3,COLPAL,Unknown,0.9488
NESTLEIND,Unknown,4,MARICO,Unknown,0.9291
NESTLEIND,Unknown,5,PIDILITIND,Unknown,0.8903
POWERGRID,Unknown,1,SUNTV,Unknown,0.9992
POWERGRID,Unknown,2,DIVISLAB,Unknown,0.9856
POWERGRID,Unknown,3,SUNPHARMA,Unknown,0.9779
POWERGRID,Unknown,4,SJVN,Unknown,0.9686
POWERGRID,Unknown,5,NHPC,Unknown,0.9464
NTPC,Unknown,1,NHPC,Unknown,0.9395
NTPC,Unknown,2,TORNTPOWER,Unknown,0.9233
NTPC,Unknown,3,SJVN,Unknown,0.9181
NTPC,Unknown,4,SUNPHARMA,Unknown,0.8784
NTPC,Unknown,5,DIVISLAB,Unknown,0.8748
TECHM,Unknown,1,BATAINDIA,Unknown,0.9902
TECHM,Unknown,2,SBIN,Unknown,0.9844
TECHM,Unknown,3,BOSCHLTD,Unknown,0.9747
TECHM,Unknown,4,ASIANPAINT,Unknown,0.9698
TECHM,Unknown,5,DABUR,Unknown,0.9681
HCLTECH,Unknown,1,COALINDIA,Unknown,0.9958
HCLTECH,Unknown,2,HINDUNILVR,Unknown,0.9656
HCLTECH,Unknown,3,INFY,Unknown,0.9526
HCLTECH,Unknown,4,ASIANPAINT,Unknown,0.9462
HCLTECH,Unknown,5,ITC,Unknown,0.9448
ONGC,Unknown,1,TATAPOWER,Unknown,0.9759
ONGC,Unknown,2,TORNTPOWER,Unknown,0.8936
ONGC,Unknown,3,BOSCHLTD,Unknown,0.7968
ONGC,Unknown,4,DABUR,Unknown,0.7639
ONGC,Unknown,5,LT,Unknown,0.7401
ADANIENT,Unknown,1,NYKAA,Unknown,0.9864
ADANIENT,Unknown,2,PVRINOX,Unknown,0.9843
ADANIENT,Unknown,3,ESCORTS,Unknown,0.9782
ADANIENT,Unknown,4,RELIANCE,Unknown,0.9536
ADANIENT,Unknown,5,DMART,Unknown,0.9145
ADANIPORTS,Unknown,1,POWERGRID,Unknown,0.9418
ADANIPORTS,Unknown,2,SUNTV,Unknown,0.9353
ADANIPORTS,Unknown,3,SUNPHARMA,Unknown,0.9266
ADANIPORTS,Unknown,4,DIVISLAB,Unknown,0.9222
ADANIPORTS,Unknown,5,SJVN,Unknown,0.8576
COALINDIA,Unknown,1,HCLTECH,Unknown,0.9958
COALINDIA,Unknown,2,HINDUNILVR,Unknown,0.9774
COALINDIA,Unknown,3,ASIANPAINT,Unknown,0.9669
COALINDIA,Unknown,4,INFY,Unknown,0.9388
COALINDIA,Unknown,5,PIDILITIND,Unknown,0.9374
BAJAJFINSV,Unknown,1,ADANIPOWER,Unknown,0.913
BAJAJFINSV,Unknown,2,ADANIPORTS,Unknown,0.8509
BAJAJFINSV,Unknown,3,BALKRISIND,Unknown,0.8056
BAJAJFINSV,Unknown,4,WIPRO,Unknown,0.7944
BAJAJFINSV,Unknown,5,GODREJCP,Unknown,0.7542
GRASIM,Unknown,1,INDUSINDBK,Unknown,0.9985
GRASIM,Unknown,2,ULTRACEMCO,Unknown,0.9924
GRASIM,Unknown,3,IDFCFIRSTB,Unknown,0.9906
GRASIM,Unknown,4,SBILIFE,Unknown,0.9809
GRASIM,Unknown,5,ICICIGI,Unknown,0.9809
JSWSTEEL,Unknown,1,FEDERALBNK,Unknown,0.9977
JSWSTEEL,Unknown,2,HDFCBANK,Unknown,0.9972
JSWSTEEL,Unknown,3,IDFCFIRSTB,Unknown,0.9958
JSWSTEEL,Unknown,4,ULTRACEMCO,Unknown,0.9854
JSWSTEEL,Unknown,5,GRASIM,Unknown,0.9753
TATASTEEL,Unknown,1,MRF,Unknown,0.9929
TATASTEEL,Unknown,2,HINDALCO,Unknown,0.9887
TATASTEEL,Unknown,3,ICICIBANK,Unknown,0.9694
TATASTEEL,Unknown,4,DMART,Unknown,0.9688
TATASTEEL,Unknown,5,UNIONBANK,Unknown,0.9624
HINDALCO,Unknown,1,DMART,Unknown,0.9936
HINDALCO,Unknown,2,TATASTEEL,Unknown,0.9887
HINDALCO,Unknown,3,MRF,Unknown,0.9638
HINDALCO,Unknown,4,NYKAA,Unknown,0.9385
HINDALCO,Unknown,5,RADICO,Unknown,0.9263
DIVISLAB,Unknown,1,SUNPHARMA,Unknown,0.9985
DIVISLAB,Unknown,2,SUNTV,Unknown,0.9912
DIVISLAB,Unknown,3,SJVN,Unknown,0.9892
DIVISLAB,Unknown,4,POWERGRID,Unknown,0.9856
DIVISLAB,Unknown,5,NHPC,Unknown,0.9733
DRREDDY,Unknown,1,CIPLA,Unknown,0.9946
DRREDDY,Unknown,2,ULTRACEMCO,Unknown,0.9867
DRREDDY,Unknown,3,GRASIM,Unknown,0.9754
DRREDDY,Unknown,4,INDUSINDBK,Unknown,0.9628
DRREDDY,Unknown,5,IDFCFIRSTB,Unknown,0.9574
CIPLA,Unknown,1,ULTRACEMCO,Unknown,0.9956
CIPLA,Unknown,2,DRREDDY,Unknown,0.9946
CIPLA,Unknown,3,GRASIM,Unknown,0.9796
CIPLA,Unknown,4,IDFCFIRSTB,Unknown,0.9756
CIPLA,Unknown,5,JSWSTEEL,Unknown,0.9717
EICHERMOT,Unknown,1,IRCTC,Unknown,0.8286
EICHERMOT,Unknown,2,ADANIPORTS,Unknown,0.6831
EICHERMOT,Unknown,3,COLPAL,Unknown,0.6724
EICHERMOT,Unknown,4,TCS,Unknown,0.6672
EICHERMOT,Unknown,5,POWERGRID,Unknown,0.6654
HEROMOTOCO,Unknown,1,ASIANPAINT,Unknown,0.9259
HEROMOTOCO,Unknown,2,MARICO,Unknown,0.9244
HEROMOTOCO,Unknown,3,COALINDIA,Unknown,0.9148
HEROMOTOCO,Unknown,4,HINDUNILVR,Unknown,0.8963
HEROMOTOCO,Unknown,5,TECHM,Unknown,0.8881
BPCL,Unknown,1,HAVELLS,Unknown,0.9899
BPCL,Unknown,2,BERGEPAINT,Unknown,0.9739
BPCL,Unknown,3,LT,Unknown,0.9279
BPCL,Unknown,4,BOSCHLTD,Unknown,0.8651
BPCL,Unknown,5,APOLLOHOSP,Unknown,0.8405
BRITANNIA,Unknown,1,MARICO,Unknown,0.9772
BRITANNIA,Unknown,2,NESTLEIND,Unknown,0.9734
BRITANNIA,Unknown,3,TCS,Unknown,0.9497
BRITANNIA,Unknown,4,PIDILITIND,Unknown,0.9143
BRITANNIA,Unknown,5,COLPAL,Unknown,0.8816
APOLLOHOSP,Unknown,1,PAYTM,Unknown,0.9523
APOLLOHOSP,Unknown,2,POLICYBZR,Unknown,0.9308
APOLLOHOSP,Unknown,3,HDFCLIFE,Unknown,0.9274
APOLLOHOSP,Unknown,4,MOTHERSON,Unknown,0.9161
APOLLOHOSP,Unknown,5,MARUTI,Unknown,0.9085
DABUR,Unknown,1,SBIN,Unknown,0.9967
DABUR,Unknown,2,BATAINDIA,Unknown,0.9935
DABUR,Unknown,3,HINDUNILVR,Unknown,0.9738
DABUR,Unknown,4,ASIANPAINT,Unknown,0.9703
DABUR,Unknown,5,TECHM,Unknown,0.9681
GODREJCP,Unknown,1,CANBK,Unknown,0.9787
GODREJCP,Unknown,2,UNIONBANK,Unknown,0.9755
GODREJCP,Unknown,3,TATACONSUM,Unknown,0.9746
GODREJCP,Unknown,4,BAJFINANCE,Unknown,0.9732
GODREJCP,Unknown,5,WIPRO,Unknown,0.9697
MARICO,Unknown,1,BRITANNIA,Unknown,0.9772
MARICO,Unknown,2,PIDILITIND,Unknown,0.97
MARICO,Unknown,3,INFY,Unknown,0.9369
MARICO,Unknown,4,TCS,Unknown,0.9299
MARICO,Unknown,5,NESTLEIND,Unknown,0.9291
PIDILITIND,Unknown,1,INFY,Unknown,0.9938
PIDILITIND,Unknown,2,MARICO,Unknown,0.97
PIDILITIND,Unknown,3,HCLTECH,Unknown,0.9421
PIDILITIND,Unknown,4,COALINDIA,Unknown,0.9374
PIDILITIND,Unknown,5,TCS,Unknown,0.9295
BERGEPAINT,Unknown,1,BPCL,Unknown,0.9739
BERGEPAINT,Unknown,2,BOSCHLTD,Unknown,0.9535
BERGEPAINT,Unknown,3,LT,Unknown,0.9517
BERGEPAINT,Unknown,4,HAVELLS,Unknown,0.933
BERGEPAINT,Unknown,5,TECHM,Unknown,0.8944
COLPAL,Unknown,1,INDIGO,Unknown,0.9729
COLPAL,Unknown,2,NESTLEIND,Unknown,0.9488
COLPAL,Unknown,3,MUTHOOTFIN,Unknown,0.9317
COLPAL,Unknown,4,TCS,Unknown,0.9073
COLPAL,Unknown,5,BRITANNIA,Unknown,0.8816
HAVELLS,Unknown,1,BPCL,Unknown,0.9899
HAVELLS,Unknown,2,BERGEPAINT,Unknown,0.933
HAVELLS,Unknown,3,LT,Unknown,0.8787
HAVELLS,Unknown,4,APOLLOHOSP,Unknown,0.8785
HAVELLS,Unknown,5,MARUTI,Unknown,0.7947
VOLTAS,Unknown,1,MARUTI,Unknown,0.973
VOLTAS,Unknown,2,MOTHERSON,Unknown,0.9455
VOLTAS,Unknown,3,LT,Unknown,0.9452
VOLTAS,Unknown,4,APOLLOTYRE,Unknown,0.9345
VOLTAS,Unknown,5,HDFCLIFE,Unknown,0.8358
TATACONSUM,Unknown,1,BAJFINANCE,Unknown,0.9982
TATACONSUM,Unknown,2,CANBK,Unknown,0.998
TATACONSUM,Unknown,3,CHOLAFIN,Unknown,0.9967
TATACONSUM,Unknown,4,CHOLAFIN,Unknown,0.9967
TATACONSUM,Unknown,5,GODREJCP,Unknown,0.9746
UPL,Unknown,1,JUBLFOOD,Unknown,0.9823
UPL,Unknown,2,INDUSINDBK,Unknown,0.9454
UPL,Unknown,3,SBILIFE,Unknown,0.9432
UPL,Unknown,4,ICICIGI,Unknown,0.9432
UPL,Unknown,5,BANDHANBNK,Unknown,0.9432
DMART,Unknown,1,HINDALCO,Unknown,0.9936
DMART,Unknown,2,TATASTEEL,Unknown,0.9688
DMART,Unknown,3,NYKAA,Unknown,0.9611
DMART,Unknown,4,ESCORTS,Unknown,0.9433
DMART,Unknown,5,MRF,Unknown,0.9334
NYKAA,Unknown,1,ESCORTS,Unknown,0.9953
NYKAA,Unknown,2,ADANIENT,Unknown,0.9864
NYKAA,Unknown,3,DMART,Unknown,0.9611
NYKAA,Unknown,4,PVRINOX,Unknown,0.954
NYKAA,Unknown,5,HINDALCO,Unknown,0.9385
PAYTM,Unknown,1,POLICYBZR,Unknown,0.9979
PAYTM,Unknown,2,HDFCLIFE,Unknown,0.9632
PAYTM,Unknown,3,APOLLOHOSP,Unknown,0.9523
PAYTM,Unknown,4,MOTHERSON,Unknown,0.8872
PAYTM,Unknown,5,MARUTI,Unknown,0.8398
POLICYBZR,Unknown,1,PAYTM,Unknown,0.9979
POLICYBZR,Unknown,2,HDFCLIFE,Unknown,0.9564
POLICYBZR,Unknown,3,APOLLOHOSP,Unknown,0.9308
POLICYBZR,Unknown,4,MOTHERSON,Unknown,0.8664
POLICYBZR,Unknown,5,ESCORTS,Unknown,0.8416
IRCTC,Unknown,1,TCS,Unknown,0.9038
IRCTC,Unknown,2,INFY,Unknown,0.8945
IRCTC,Unknown,3,PIDILITIND,Unknown,0.8621
IRCTC,Unknown,4,ITC,Unknown,0.8493
IRCTC,Unknown,5,NESTLEIND,Unknown,0.8288
INDIGO,Unknown,1,MUTHOOTFIN,Unknown,0.9849
INDIGO,Unknown,2,COLPAL,Unknown,0.9729
INDIGO,Unknown,3,TITAN,Unknown,0.919
INDIGO,Unknown,4,ASHOKLEY,Unknown,0.8649
INDIGO,Unknown,5,NESTLEIND,Unknown,0.8567
MOTHERSON,Unknown,1,MARUTI,Unknown,0.9912
MOTHERSON,Unknown,2,HDFCLIFE,Unknown,0.9685
MOTHERSON,Unknown,3,APOLLOTYRE,Unknown,0.954
MOTHERSON,Unknown,4,VOLTAS,Unknown,0.9455
MOTHERSON,Unknown,5,APOLLOHOSP,Unknown,0.9161
BOSCHLTD,Unknown,1,TECHM,Unknown,0.9747
BOSCHLTD,Unknown,2,BERGEPAINT,Unknown,0.9535
BOSCHLTD,Unknown,3,BATAINDIA,Unknown,0.9524
BOSCHLTD,Unknown,4,SBIN,Unknown,0.9419
BOSCHLTD,Unknown,5,DABUR,Unknown,0.9257
MUTHOOTFIN,Unknown,1,INDIGO,Unknown,0.9849
MUTHOOTFIN,Unknown,2,COLPAL,Unknown,0.9317
MUTHOOTFIN,Unknown,3,TITAN,Unknown,0.8734
MUTHOOTFIN,Unknown,4,ASHOKLEY,Unknown,0.8592
MUTHOOTFIN,Unknown,5,NESTLEIND,Unknown,0.7694
CHOLAFIN,Unknown,1,TATACONSUM,Unknown,0.9967
CHOLAFIN,Unknown,2,BAJFINANCE,Unknown,0.9919
CHOLAFIN,Unknown,3,CANBK,Unknown,0.9903
CHOLAFIN,Unknown,4,GODREJCP,Unknown,0.9564
CHOLAFIN,Unknown,5,UNIONBANK,Unknown,0.942
SBILIFE,Unknown,1,ICICIGI,Unknown,1.0
SBILIFE,Unknown,2,BANDHANBNK,Unknown,1.0
SBILIFE,Unknown,3,RELAXO,Unknown,1.0
SBILIFE,Unknown,4,PAGEIND,Unknown,1.0
SBILIFE,Unknown,5,ABBOTINDIA,Unknown,1.0
HDFCLIFE,Unknown,1,MOTHERSON,Unknown,0.9685
HDFCLIFE,Unknown,2,PAYTM,Unknown,0.9632
HDFCLIFE,Unknown,3,POLICYBZR,Unknown,0.9564
HDFCLIFE,Unknown,4,MARUTI,Unknown,0.9299
HDFCLIFE,Unknown,5,APOLLOHOSP,Unknown,0.9274
ICICIGI,Unknown,1,SBILIFE,Unknown,1.0
ICICIGI,Unknown,2,BANDHANBNK,Unknown,1.0
ICICIGI,Unknown,3,RELAXO,Unknown,1.0
ICICIGI,Unknown,4,PAGEIND,Unknown,1.0
ICICIGI,Unknown,5,ABBOTINDIA,Unknown,1.0
BANDHANBNK,Unknown,1,SBILIFE,Unknown,1.0
BANDHANBNK,Unknown,2,ICICIGI,Unknown,1.0
BANDHANBNK,Unknown,3,RELAXO,Unknown,1.0
BANDHANBNK,Unknown,4,PAGEIND,Unknown,1.0
BANDHANBNK,Unknown,5,ABBOTINDIA,Unknown,1.0
FEDERALBNK,Unknown,1,HDFCBANK,Unknown,0.9985
FEDERALBNK,Unknown,2,JSWSTEEL,Unknown,0.9977
FEDERALBNK,Unknown,3,IDFCFIRSTB,Unknown,0.989
FEDERALBNK,Unknown,4,BANKBARODA,Unknown,0.9823
FEDERALBNK,Unknown,5,RELIANCE,Unknown,0.9807
IDFCFIRSTB,Unknown,1,JSWSTEEL,Unknown,0.9958
IDFCFIRSTB,Unknown,2,HDFCBANK,Unknown,0.9925
IDFCFIRSTB,Unknown,3,ULTRACEMCO,Unknown,0.9913
IDFCFIRSTB,Unknown,4,GRASIM,Unknown,0.9906
IDFCFIRSTB,Unknown,5,FEDERALBNK,Unknown,0.989
INDUSINDBK,Unknown,1,GRASIM,Unknown,0.9985
INDUSINDBK,Unknown,2,SBILIFE,Unknown,0.9895
INDUSINDBK,Unknown,3,ICICIGI,Unknown,0.9895
INDUSINDBK,Unknown,4,BANDHANBNK,Unknown,0.9895
INDUSINDBK,Unknown,5,RELAXO,Unknown,0.9895
PNB,Unknown,1,KOTAKBANK,Unknown,0.9997
PNB,Unknown,2,AXISBANK,Unknown,0.9987
PNB,Unknown,3,BANKBARODA,Unknown,0.9976
PNB,Unknown,4,ICICIBANK,Unknown,0.9952
PNB,Unknown,5,UNIONBANK,Unknown,0.9894
BANKBARODA,Unknown,1,PNB,Unknown,0.9976
BANKBARODA,Unknown,2,KOTAKBANK,Unknown,0.9959
BANKBARODA,Unknown,3,AXISBANK,Unknown,0.9928
BANKBARODA,Unknown,4,ICICIBANK,Unknown,0.9867
BANKBARODA,Unknown,5,FEDERALBNK,Unknown,0.9823
CANBK,Unknown,1,BAJFINANCE,Unknown,0.9997
CANBK,Unknown,2,TATACONSUM,Unknown,0.998
CANBK,Unknown,3,CHOLAFIN,Unknown,0.9903
CANBK,Unknown,4,CHOLAFIN,Unknown,0.9903
CANBK,Unknown,5,UNIONBANK,Unknown,0.9795
UNIONBANK,Unknown,1,ICICIBANK,Unknown,0.9983
UNIONBANK,Unknown,2,AXISBANK,Unknown,0.9953
UNIONBANK,Unknown,3,KOTAKBANK,Unknown,0.9915
UNIONBANK,Unknown,4,PNB,Unknown,0.9894
UNIONBANK,Unknown,5,MRF,Unknown,0.9825
NHPC,Unknown,1,SJVN,Unknown,0.9963
NHPC,Unknown,2,DIVISLAB,Unknown,0.9733
NHPC,Unknown,3,SUNPHARMA,Unknown,0.9662
NHPC,Unknown,4,SUNTV,Unknown,0.9576
NHPC,Unknown,5,POWERGRID,Unknown,0.9464
SJVN,Unknown,1,NHPC,Unknown,0.9963
SJVN,Unknown,2,DIVISLAB,Unknown,0.9892
SJVN,Unknown,3,SUNPHARMA,Unknown,0.9837
SJVN,Unknown,4,SUNTV,Unknown,0.9774
SJVN,Unknown,5,POWERGRID,Unknown,0.9686
TORNTPOWER,Unknown,1,NTPC,Unknown,0.9233
TORNTPOWER,Unknown,2,ONGC,Unknown,0.8936
TORNTPOWER,Unknown,3,TATAPOWER,Unknown,0.872
TORNTPOWER,Unknown,4,DABUR,Unknown,0.8229
TORNTPOWER,Unknown,5,NHPC,Unknown,0.7813
ADANIPOWER,Unknown,1,BAJAJFINSV,Unknown,0.913
ADANIPOWER,Unknown,2,GODREJCP,Unknown,0.8375
ADANIPOWER,Unknown,3,TATACONSUM,Unknown,0.78
ADANIPOWER,Unknown,4,CHOLAFIN,Unknown,0.7781
ADANIPOWER,Unknown,5,CHOLAFIN,Unknown,0.7781
TATAPOWER,Unknown,1,ONGC,Unknown,0.9759
TATAPOWER,Unknown,2,BOSCHLTD,Unknown,0.9085
TATAPOWER,Unknown,3,TORNTPOWER,Unknown,0.872
TATAPOWER,Unknown,4,DABUR,Unknown,0.8686
TATAPOWER,Unknown,5,BATAINDIA,Unknown,0.8562
ZEEL,Unknown,1,UPL,Unknown,0.9378
ZEEL,Unknown,2,DRREDDY,Unknown,0.9151
ZEEL,Unknown,3,BALKRISIND,Unknown,0.9038
ZEEL,Unknown,4,GRASIM,Unknown,0.8888
ZEEL,Unknown,5,INDUSINDBK,Unknown,0.8854
SUNTV,Unknown,1,POWERGRID,Unknown,0.9992
SUNTV,Unknown,2,DIVISLAB,Unknown,0.9912
SUNTV,Unknown,3,SUNPHARMA,Unknown,0.9843
SUNTV,Unknown,4,SJVN,Unknown,0.9774
SUNTV,Unknown,5,NHPC,Unknown,0.9576
PVRINOX,Unknown,1,ADANIENT,Unknown,0.9843
PVRINOX,Unknown,2,WESTLIFE,Unknown,0.9665
PVRINOX,Unknown,3,ESCORTS,Unknown,0.9576
PVRINOX,Unknown,4,NYKAA,Unknown,0.954
PVRINOX,Unknown,5,APOLLOTYRE,Unknown,0.9232
ASHOKLEY,Unknown,1,TITAN,Unknown,0.9617
ASHOKLEY,Unknown,2,INDIGO,Unknown,0.8649
ASHOKLEY,Unknown,3,MUTHOOTFIN,Unknown,0.8592
ASHOKLEY,Unknown,4,COLPAL,Unknown,0.748
ASHOKLEY,Unknown,5,UNITDSPR,Unknown,0.5798
ESCORTS,Unknown,1,NYKAA,Unknown,0.9953
ESCORTS,Unknown,2,ADANIENT,Unknown,0.9782
ESCORTS,Unknown,3,PVRINOX,Unknown,0.9576
ESCORTS,Unknown,4,DMART,Unknown,0.9433
ESCORTS,Unknown,5,HINDALCO,Unknown,0.91
BALKRISIND,Unknown,1,ZEEL,Unknown,0.9038
BALKRISIND,Unknown,2,DRREDDY,Unknown,0.8975
BALKRISIND,Unknown,3,CIPLA,Unknown,0.858
BALKRISIND,Unknown,4,ULTRACEMCO,Unknown,0.8145
BALKRISIND,Unknown,5,BAJAJFINSV,Unknown,0.8056
APOLLOTYRE,Unknown,1,WESTLIFE,Unknown,0.9579
APOLLOTYRE,Unknown,2,MOTHERSON,Unknown,0.954
APOLLOTYRE,Unknown,3,MARUTI,Unknown,0.9357
APOLLOTYRE,Unknown,4,VOLTAS,Unknown,0.9345
APOLLOTYRE,Unknown,5,PVRINOX,Unknown,0.9232
MRF,Unknown,1,TATASTEEL,Unknown,0.9929
MRF,Unknown,2,ICICIBANK,Unknown,0.9896
MRF,Unknown,3,AXISBANK,Unknown,0.9837
MRF,Unknown,4,PNB,Unknown,0.9833
MRF,Unknown,5,UNIONBANK,Unknown,0.9825
JUBLFOOD,Unknown,1,SBILIFE,Unknown,0.987
JUBLFOOD,Unknown,2,ICICIGI,Unknown,0.987
JUBLFOOD,Unknown,3,BANDHANBNK,Unknown,0.987
JUBLFOOD,Unknown,4,RELAXO,Unknown,0.987
JUBLFOOD,Unknown,5,PAGEIND,Unknown,0.987
WESTLIFE,Unknown,1,PVRINOX,Unknown,0.9665
WESTLIFE,Unknown,2,APOLLOTYRE,Unknown,0.9579
WESTLIFE,Unknown,3,JUBLFOOD,Unknown,0.9447
WESTLIFE,Unknown,4,UPL,Unknown,0.9174
WESTLIFE,Unknown,5,SBILIFE,Unknown,0.9148
RELAXO,Unknown,1,SBILIFE,Unknown,1.0
RELAXO,Unknown,2,ICICIGI,Unknown,1.0
RELAXO,Unknown,3,BANDHANBNK,Unknown,1.0
RELAXO,Unknown,4,PAGEIND,Unknown,1.0
RELAXO,Unknown,5,ABBOTINDIA,Unknown,1.0
BATAINDIA,Unknown,1,SBIN,Unknown,0.9993
BATAINDIA,Unknown,2,DABUR,Unknown,0.9935
BATAINDIA,Unknown,3,TECHM,Unknown,0.9902
BATAINDIA,Unknown,4,ASIANPAINT,Unknown,0.9805
BATAINDIA,Unknown,5,HINDUNILVR,Unknown,0.973
PAGEIND,Unknown,1,SBILIFE,Unknown,1.0
PAGEIND,Unknown,2,ICICIGI,Unknown,1.0
PAGEIND,Unknown,3,BANDHANBNK,Unknown,1.0
PAGEIND,Unknown,4,RELAXO,Unknown,1.0
PAGEIND,Unknown,5,ABBOTINDIA,Unknown,1.0
RADICO,Unknown,1,UNITDSPR,Unknown,0.9982
RADICO,Unknown,2,HINDALCO,Unknown,0.9263
RADICO,Unknown,3,DMART,Unknown,0.926
RADICO,Unknown,4,TATASTEEL,Unknown,0.8762
RADICO,Unknown,5,CHOLAFIN,Unknown,0.873
UNITDSPR,Unknown,1,RADICO,Unknown,0.9982
UNITDSPR,Unknown,2,DMART,Unknown,0.903
UNITDSPR,Unknown,3,HINDALCO,Unknown,0.9019
UNITDSPR,Unknown,4,CHOLAFIN,Unknown,0.8595
UNITDSPR,Unknown,5,CHOLAFIN,Unknown,0.8595
ABBOTINDIA,Unknown,1,SBILIFE,Unknown,1.0
ABBOTINDIA,Unknown,2,ICICIGI,Unknown,1.0
ABBOTINDIA,Unknown,3,BANDHANBNK,Unknown,1.0
ABBOTINDIA,Unknown,4,RELAXO,Unknown,1.0
ABBOTINDIA,Unknown,5,PAGEIND,Unknown,1.0
CHOLAFIN,Unknown,1,TATACONSUM,Unknown,0.9967
CHOLAFIN,Unknown,2,BAJFINANCE,Unknown,0.9919
CHOLAFIN,Unknown,3,CANBK,Unknown,0.9903
CHOLAFIN,Unknown,4,GODREJCP,Unknown,0.9564
CHOLAFIN,Unknown,5,UNIONBANK,Unknown,0.942
